114,room114@gmail.com
115,room115@gmail.com
116,room116@gmail.com
117,room117@gmail.com
118,room118@gmail.com
119,room119@gmail.com
120,room120@gmail.com
121,room121@gmail.com
122,room122@gmail.com
123,room123@gmail.com
124,room124@gmail.com
125,room125@gmail.com
126,room126@gmail.com
127,room127@gmail.com
128,room128@gmail.com
129,room129@gmail.com
130,mumlesadro@gufum.com
131,room131@gmail.com
132,room132@gmail.com
133,room133@gmail.com
134,room134@gmail.com
135,room135@gmail.com
136,room136@gmail.com
137,room137@gmail.com
138,room138@gmail.com
139,room139@gmail.com
140,room140@gmail.com
141,room141@gmail.com
142,room142@gmail.com
143,room143@gmail.com
144,room144@gmail.com
145,room145@gmail.com
146,room146@gmail.com
214,room214@gmail.com
215,room215@gmail.com
216,room216@gmail.com
217,room217@gmail.com
218,room218@gmail.com
219,room219@gmail.com
220,room220@gmail.com
221,room221@gmail.com
222,room222@gmail.com
223,room223@gmail.com
224,room224@gmail.com
225,room225@gmail.com
226,room226@gmail.com
227,room227@gmail.com
228,room228@gmail.com
229,redat32753@hondabbs.com
230,room230@gmail.com
231,icw7yam50u@bloheyz.com
232,room232@gmail.com
233,room233@gmail.com
234,room234@gmail.com
235,room235@gmail.com
236,room236@gmail.com
237,room237@gmail.com
238,room238@gmail.com
239,room239@gmail.com
240,room240@gmail.com
241,room241@gmail.com
242,room242@gmail.com
243,room243@gmail.com
244,room244@gmail.com
245,room245@gmail.com
246,room246@gmail.com
314,room314@gmail.com
315,room315@gmail.com
316,room316@gmail.com
317,room317@gmail.com
318,room318@gmail.com
319,room319@gmail.com
320,room320@gmail.com
321,room321@gmail.com
322,room322@gmail.com
323,room323@gmail.com
324,room324@gmail.com
325,room325@gmail.com
326,room326@gmail.com
327,room327@gmail.com
328,room328@gmail.com
329,room329@gmail.com
330,kugazo@hexi.pics
331,room331@gmail.com
332,room332@gmail.com
333,room333@gmail.com
334,room334@gmail.com
335,room335@gmail.com
336,room336@gmail.com
337,room337@gmail.com
338,room338@gmail.com
339,room339@gmail.com
340,room340@gmail.com
341,room341@gmail.com
342,room342@gmail.com
343,room343@gmail.com
344,room344@gmail.com
345,room345@gmail.com
346,room346@gmail.com
